제품,제품번호,원본 PDF,PDF 쪽,행,CAS,고치기 전,고친 뒤,확인일
BD-3 (비디-3),msds-098,"pdf/00_ 사출/나바켐(NAVAKEM), 남방CNA(주)/BD-3(나바켐)(24)+(GHS).pdf",3,6,74-98-6,수소처리된 중질 파라핀 정제유(Distillates,프로판(Propane),2026-09-18
BD-3 (비디-3),msds-098,"pdf/00_ 사출/나바켐(NAVAKEM), 남방CNA(주)/BD-3(나바켐)(24)+(GHS).pdf",3,7,106-97-8,"(petroleum), hydrotreated heavy paraffinic)",부탄(Butane),2026-09-18
K1(케이1),msds-100,"pdf/00_ 사출/나바켐(NAVAKEM), 남방CNA(주)/K1(24)+(GHS).pdf",3,5,74-98-6,설폰산석유(Petroleum sulfonates),프로판(Propane),2026-09-18
K1(케이1),msds-100,"pdf/00_ 사출/나바켐(NAVAKEM), 남방CNA(주)/K1(24)+(GHS).pdf",3,6,106-97-8,프로판(Propane),부탄(Butane),2026-09-18
LONG #2 스프레이,msds-101,"pdf/00_ 사출/나바켐(NAVAKEM), 남방CNA(주)/LONG#2+Spray(38)+(GHS).pdf",3,4,68425-34-3,폴리부텐(Polybutene),"페트롤레이텀(석유), 산화된 칼슘염",2026-09-18
LONG #2 스프레이,msds-101,"pdf/00_ 사출/나바켐(NAVAKEM), 남방CNA(주)/LONG#2+Spray(38)+(GHS).pdf",3,5,9003-29-6,칼슘 석유 설폰산,폴리부텐(Polybutene),2026-09-18
LONG #2 스프레이,msds-101,"pdf/00_ 사출/나바켐(NAVAKEM), 남방CNA(주)/LONG#2+Spray(38)+(GHS).pdf",3,9,74-98-6,수소처리된 경질 나프타 (석유),프로판(Propane),2026-09-18
LONG #2 스프레이,msds-101,"pdf/00_ 사출/나바켐(NAVAKEM), 남방CNA(주)/LONG#2+Spray(38)+(GHS).pdf",3,10,106-97-8,"(NAPHTHA (PETROLEUM), HYDRO",부탄(Butane),2026-09-18
LONG #2H(롱#2에이치),msds-102,"pdf/00_ 사출/나바켐(NAVAKEM), 남방CNA(주)/LONG+#2H(23)+(GHS).pdf",3,5,68425-34-3,수소처리된 중질 파라핀 정제유(Distillates,"페트롤레이텀(석유), 산화된 칼슘염",2026-09-18
LONG #2H(롱#2에이치),msds-102,"pdf/00_ 사출/나바켐(NAVAKEM), 남방CNA(주)/LONG+#2H(23)+(GHS).pdf",3,8,64742-47-8,"(Distillates(petroleum), hydrotreated light)",수소처리된 경질 정제유 (석유),2026-09-18
LONG #2H(롱#2에이치),msds-102,"pdf/00_ 사출/나바켐(NAVAKEM), 남방CNA(주)/LONG+#2H(23)+(GHS).pdf",3,10,74-98-6,"(NAPHTHA (PETROLEUM), HYDRO",프로판 (Propane),2026-09-18
MEGA CHECK 처리제(TREATMENT),msds-103,"pdf/00_ 사출/나바켐(NAVAKEM), 남방CNA(주)/Mega+check+처리제+(6)+(GHS).pdf",3,2,64742-49-0,(메가 체크 처리제 (트리트먼트)) ( 3 / 12 ),수소처리된 경질 나프타 (석유),2026-09-18
MEGA CHECK 처리제(TREATMENT),msds-103,"pdf/00_ 사출/나바켐(NAVAKEM), 남방CNA(주)/Mega+check+처리제+(6)+(GHS).pdf",3,3,74-98-6,수소처리된 경질 나프타 (석유),프로판(Propane),2026-09-18
MEGA CHECK 처리제(TREATMENT),msds-103,"pdf/00_ 사출/나바켐(NAVAKEM), 남방CNA(주)/Mega+check+처리제+(6)+(GHS).pdf",3,4,106-97-8,"(NAPHTHA (PETROLEUM), HYDRO",부탄(Butane),2026-09-18
MEGA CHECK 침투제 W,msds-105,"pdf/00_ 사출/나바켐(NAVAKEM), 남방CNA(주)/Mega+check+침투제W+(5)+(GHS).pdf",2,3,112-34-5,암모늄 벤조산(Ammonium benzoate),다이에틸렌 글리콜 모노뷰틸 에테르,2026-09-18
MEGA CHECK 침투제 W,msds-105,"pdf/00_ 사출/나바켐(NAVAKEM), 남방CNA(주)/Mega+check+침투제W+(5)+(GHS).pdf",2,4,9002-92-0,물(Water),알파-도데실-오메가-하이드록시-폴리옥시에틸렌,2026-09-18
MEGA CHECK 현상제(DEVELOPER),msds-106,"pdf/00_ 사출/나바켐(NAVAKEM), 남방CNA(주)/Mega+check+현상제+(5)+(GHS).pdf",3,3,67-63-0,메틸사이클로펜탄(Methylcyclopentane),이소프로필알콜(Isopropyl alcohol),2026-09-18
MEGA CHECK 현상제(DEVELOPER),msds-106,"pdf/00_ 사출/나바켐(NAVAKEM), 남방CNA(주)/Mega+check+현상제+(5)+(GHS).pdf",3,4,110-54-3,탈크파우더(Talc powder)(비석면형),노말헥산(n-hexane),2026-09-18
MEGA CHECK 현상제(DEVELOPER),msds-106,"pdf/00_ 사출/나바켐(NAVAKEM), 남방CNA(주)/Mega+check+현상제+(5)+(GHS).pdf",3,5,107-83-5,수소처리된 경질 나프타 (석유),2-메틸펜탄(2-Methylpentane),2026-09-18
MEGA CHECK 현상제(DEVELOPER),msds-106,"pdf/00_ 사출/나바켐(NAVAKEM), 남방CNA(주)/Mega+check+현상제+(5)+(GHS).pdf",3,8,64742-49-0,프로판(Propane),수소처리된 경질 나프타 (석유),2026-09-18
MEGA CHECK 현상제(DEVELOPER),msds-106,"pdf/00_ 사출/나바켐(NAVAKEM), 남방CNA(주)/Mega+check+현상제+(5)+(GHS).pdf",3,9,74-98-6,부탄(Butane),프로판(Propane),2026-09-18
MEGA CHECK 현상제(DEVELOPER),msds-106,"pdf/00_ 사출/나바켐(NAVAKEM), 남방CNA(주)/Mega+check+현상제+(5)+(GHS).pdf",3,10,106-97-8,2-프로판올,부탄(Butane),2026-09-18
다용도세제 NB-1(분무기),msds-107,"pdf/00_ 사출/나바켐(NAVAKEM), 남방CNA(주)/NB-1(분무기)(2)+(나바켐)+(GHS).pdf",2,3,56539-66-3,다이에틸렌 글리콜 모노뷰틸 에테르,3-메틸-3-메톡시 부탄올,2026-09-18
다용도세제 NB-1(분무기),msds-107,"pdf/00_ 사출/나바켐(NAVAKEM), 남방CNA(주)/NB-1(분무기)(2)+(나바켐)+(GHS).pdf",2,4,112-34-5,트리에탄올아민(Triethanol Amine),다이에틸렌 글리콜 모노뷰틸 에테르,2026-09-18
다용도세제 NB-1(분무기),msds-107,"pdf/00_ 사출/나바켐(NAVAKEM), 남방CNA(주)/NB-1(분무기)(2)+(나바켐)+(GHS).pdf",2,5,102-71-6,폴리옥시 에틸렌 알킬에테르,트리에탄올아민(Triethanol Amine),2026-09-18
다용도세제 NB-1(분무기),msds-107,"pdf/00_ 사출/나바켐(NAVAKEM), 남방CNA(주)/NB-1(분무기)(2)+(나바켐)+(GHS).pdf",2,6,9002-92-0,물(Water),폴리옥시 에틸렌 알킬에테르,2026-09-18
다용도세제 NB-1(분무기),msds-107,"pdf/00_ 사출/나바켐(NAVAKEM), 남방CNA(주)/NB-1(분무기)(2)+(나바켐)+(GHS).pdf",2,7,7732-18-5,"유리인산칼륨, 무수",물(Water),2026-09-18
PMC-3(피엠씨-3),msds-108,"pdf/00_ 사출/나바켐(NAVAKEM), 남방CNA(주)/PMC-3(32)+(GHS).pdf",3,6,64742-49-0,"1,2-디클로로에틸렌(트랜스)",수소처리된 경질 나프타 (석유),2026-09-18
스티커 자국 제거제 SSR-220,msds-109,"pdf/00_ 사출/나바켐(NAVAKEM), 남방CNA(주)/SSR-220(나바켐)(24)+(GHS).pdf",2,2,64742-47-8,"Orange, sweet, ext.",수소처리된 경질 정제유(석유),2026-09-18
스티커 자국 제거제 SSR-220,msds-109,"pdf/00_ 사출/나바켐(NAVAKEM), 남방CNA(주)/SSR-220(나바켐)(24)+(GHS).pdf",2,3,8028-48-6,프로필렌 글리콜 모노메틸 에테르,"Orange, sweet, ext",2026-09-18
스티커 자국 제거제 SSR-220,msds-109,"pdf/00_ 사출/나바켐(NAVAKEM), 남방CNA(주)/SSR-220(나바켐)(24)+(GHS).pdf",2,4,107-98-2,(Propylene glycol monomethyl ether),프로필렌 글리콜 모노메틸 에테르,2026-09-18
스티커 자국 제거제 SSR-450,msds-110,"pdf/00_ 사출/나바켐(NAVAKEM), 남방CNA(주)/SSR-450(나바켐)(26)+(GHS).pdf",2,2,64742-47-8,"Orange, sweet, ext.",수소처리된 경질 정제유(석유),2026-09-18
스티커 자국 제거제 SSR-450,msds-110,"pdf/00_ 사출/나바켐(NAVAKEM), 남방CNA(주)/SSR-450(나바켐)(26)+(GHS).pdf",2,3,8028-48-6,프로필렌 글리콜 모노메틸 에테르,"Orange, sweet, ext",2026-09-18
스티커 자국 제거제 SSR-450,msds-110,"pdf/00_ 사출/나바켐(NAVAKEM), 남방CNA(주)/SSR-450(나바켐)(26)+(GHS).pdf",2,4,107-98-2,(Propylene glycol monomethyl ether),프로필렌 글리콜 모노메틸 에테르,2026-09-18
탭핑 콤파운드 TC#1,msds-111,"pdf/00_ 사출/나바켐(NAVAKEM), 남방CNA(주)/TC#1(36)+(GHS).pdf",2,1,8001-79-4,"1,2-디클로로에틸렌(트랜스)",피마자유(Castor oil),2026-09-18
LCP-77 분홍색 N101,msds-112,"pdf/00_ 사출/나바켐(NAVAKEM), 남방CNA(주)/락카스프레이/나바켐_LCP-77(분홍색).pdf",3,1,108-88-3,아세톤(Acetone),톨루엔(Toluene),2026-09-18
LCP-77 분홍색 N101,msds-112,"pdf/00_ 사출/나바켐(NAVAKEM), 남방CNA(주)/락카스프레이/나바켐_LCP-77(분홍색).pdf",3,2,67-64-1,크실렌(Xylene),아세톤(Acetone),2026-09-18
LCP-77 분홍색 N101,msds-112,"pdf/00_ 사출/나바켐(NAVAKEM), 남방CNA(주)/락카스프레이/나바켐_LCP-77(분홍색).pdf",3,3,1330-20-7,아세트산 뷰틸(Butyl acetates),크실렌(Xylene),2026-09-18
LCP-77 분홍색 N101,msds-112,"pdf/00_ 사출/나바켐(NAVAKEM), 남방CNA(주)/락카스프레이/나바켐_LCP-77(분홍색).pdf",3,4,123-86-4,뷰틸 셀로솔브(Butyl cellosolve),아세트산 뷰틸(Butyl acetates),2026-09-18
LCP-77 분홍색 N101,msds-112,"pdf/00_ 사출/나바켐(NAVAKEM), 남방CNA(주)/락카스프레이/나바켐_LCP-77(분홍색).pdf",3,5,111-76-2,이산화 티타늄(Titanium dioxide),뷰틸 셀로솔브(Butyl cellosolve),2026-09-18
LCP-77 분홍색 N101,msds-112,"pdf/00_ 사출/나바켐(NAVAKEM), 남방CNA(주)/락카스프레이/나바켐_LCP-77(분홍색).pdf",3,6,13463-67-7,메틸아이소뷰틸케톤(Methyl isobutyl ketone),이산화 티타늄(Titanium dioxide),2026-09-18
LCP-77 분홍색 N101,msds-112,"pdf/00_ 사출/나바켐(NAVAKEM), 남방CNA(주)/락카스프레이/나바켐_LCP-77(분홍색).pdf",3,7,108-10-1,프로필렌 글리콜 모노메틸 에테르 아세트산,메틸아이소뷰틸케톤(Methyl isobutyl ketone),2026-09-18
LCP-77 분홍색 N101,msds-112,"pdf/00_ 사출/나바켐(NAVAKEM), 남방CNA(주)/락카스프레이/나바켐_LCP-77(분홍색).pdf",3,11,74-98-6,phthalic anhydride and soya fatty acids,프로판(Propane),2026-09-18
LCP-77 분홍색 N101,msds-112,"pdf/00_ 사출/나바켐(NAVAKEM), 남방CNA(주)/락카스프레이/나바켐_LCP-77(분홍색).pdf",3,12,115-10-6,니트로셀룰로오스(Nitrocellulose),디메틸에테르(Dimethyl ether),2026-09-18
LCP-77 기계색 N313,msds-115,"pdf/00_ 사출/나바켐(NAVAKEM), 남방CNA(주)/락카스프레이/나바켐_LCP-77(기계색).pdf",3,1,108-88-3,아세톤(Acetone),톨루엔(Toluene),2026-09-18
LCP-77 기계색 N313,msds-115,"pdf/00_ 사출/나바켐(NAVAKEM), 남방CNA(주)/락카스프레이/나바켐_LCP-77(기계색).pdf",3,2,67-64-1,크실렌(Xylene),아세톤(Acetone),2026-09-18
LCP-77 기계색 N313,msds-115,"pdf/00_ 사출/나바켐(NAVAKEM), 남방CNA(주)/락카스프레이/나바켐_LCP-77(기계색).pdf",3,3,1330-20-7,아세트산 뷰틸(Butyl acetates),크실렌(Xylene),2026-09-18
LCP-77 기계색 N313,msds-115,"pdf/00_ 사출/나바켐(NAVAKEM), 남방CNA(주)/락카스프레이/나바켐_LCP-77(기계색).pdf",3,4,123-86-4,뷰틸 셀로솔브(Butyl cellosolve),아세트산 뷰틸(Butyl acetates),2026-09-18
LCP-77 기계색 N313,msds-115,"pdf/00_ 사출/나바켐(NAVAKEM), 남방CNA(주)/락카스프레이/나바켐_LCP-77(기계색).pdf",3,5,111-76-2,이산화 티타늄(Titanium dioxide),뷰틸 셀로솔브(Butyl cellosolve),2026-09-18
LCP-77 기계색 N313,msds-115,"pdf/00_ 사출/나바켐(NAVAKEM), 남방CNA(주)/락카스프레이/나바켐_LCP-77(기계색).pdf",3,6,13463-67-7,메틸아이소뷰틸케톤(Methyl isobutyl ketone),이산화 티타늄(Titanium dioxide),2026-09-18
LCP-77 기계색 N313,msds-115,"pdf/00_ 사출/나바켐(NAVAKEM), 남방CNA(주)/락카스프레이/나바켐_LCP-77(기계색).pdf",3,7,108-10-1,프로필렌 글리콜 모노메틸 에테르 아세트산,메틸아이소뷰틸케톤(Methyl isobutyl ketone),2026-09-18
LCP-77 기계색 N313,msds-115,"pdf/00_ 사출/나바켐(NAVAKEM), 남방CNA(주)/락카스프레이/나바켐_LCP-77(기계색).pdf",3,11,74-98-6,phthalic anhydride and soya fatty acids,프로판(Propane),2026-09-18
LCP-77 기계색 N313,msds-115,"pdf/00_ 사출/나바켐(NAVAKEM), 남방CNA(주)/락카스프레이/나바켐_LCP-77(기계색).pdf",3,12,115-10-6,니트로셀룰로오스(Nitrocellulose),디메틸에테르(Dimethyl ether),2026-09-18
LCP-77 적색 N100,msds-117,"pdf/00_ 사출/나바켐(NAVAKEM), 남방CNA(주)/락카스프레이/나바켐_LCP-77(적색).pdf",3,1,108-88-3,아세톤(Acetone),톨루엔(Toluene),2026-09-18
LCP-77 적색 N100,msds-117,"pdf/00_ 사출/나바켐(NAVAKEM), 남방CNA(주)/락카스프레이/나바켐_LCP-77(적색).pdf",3,2,67-64-1,크실렌(Xylene),아세톤(Acetone),2026-09-18
LCP-77 적색 N100,msds-117,"pdf/00_ 사출/나바켐(NAVAKEM), 남방CNA(주)/락카스프레이/나바켐_LCP-77(적색).pdf",3,3,1330-20-7,아세트산 뷰틸(Butyl acetates),크실렌(Xylene),2026-09-18
LCP-77 적색 N100,msds-117,"pdf/00_ 사출/나바켐(NAVAKEM), 남방CNA(주)/락카스프레이/나바켐_LCP-77(적색).pdf",3,4,123-86-4,뷰틸 셀로솔브(Butyl cellosolve),아세트산 뷰틸(Butyl acetates),2026-09-18
LCP-77 적색 N100,msds-117,"pdf/00_ 사출/나바켐(NAVAKEM), 남방CNA(주)/락카스프레이/나바켐_LCP-77(적색).pdf",3,5,111-76-2,적색 색소(C.I. pigment red 48:4),뷰틸 셀로솔브(Butyl cellosolve),2026-09-18
LCP-77 적색 N100,msds-117,"pdf/00_ 사출/나바켐(NAVAKEM), 남방CNA(주)/락카스프레이/나바켐_LCP-77(적색).pdf",3,6,5280-66-0,메틸아이소뷰틸케톤(Methyl isobutyl ketone),적색 색소(C.I. pigment red 48:4),2026-09-18
LCP-77 적색 N100,msds-117,"pdf/00_ 사출/나바켐(NAVAKEM), 남방CNA(주)/락카스프레이/나바켐_LCP-77(적색).pdf",3,7,108-10-1,프로필렌 글리콜 모노메틸 에테르 아세트산,메틸아이소뷰틸케톤(Methyl isobutyl ketone),2026-09-18
LCP-77 적색 N100,msds-117,"pdf/00_ 사출/나바켐(NAVAKEM), 남방CNA(주)/락카스프레이/나바켐_LCP-77(적색).pdf",3,11,74-98-6,phthalic anhydride and soya fatty acids,프로판(Propane),2026-09-18
LCP-77 적색 N100,msds-117,"pdf/00_ 사출/나바켐(NAVAKEM), 남방CNA(주)/락카스프레이/나바켐_LCP-77(적색).pdf",3,12,115-10-6,니트로셀룰로오스(Nitrocellulose),디메틸에테르(Dimethyl ether),2026-09-18
LCP-77 중회색 N004,msds-118,"pdf/00_ 사출/나바켐(NAVAKEM), 남방CNA(주)/락카스프레이/나바켐_LCP-77(중회색).pdf",3,1,108-88-3,아세톤(Acetone),톨루엔(Toluene),2026-09-18
LCP-77 중회색 N004,msds-118,"pdf/00_ 사출/나바켐(NAVAKEM), 남방CNA(주)/락카스프레이/나바켐_LCP-77(중회색).pdf",3,2,67-64-1,크실렌(Xylene),아세톤(Acetone),2026-09-18
LCP-77 중회색 N004,msds-118,"pdf/00_ 사출/나바켐(NAVAKEM), 남방CNA(주)/락카스프레이/나바켐_LCP-77(중회색).pdf",3,3,1330-20-7,아세트산 뷰틸(Butyl acetates),크실렌(Xylene),2026-09-18
LCP-77 중회색 N004,msds-118,"pdf/00_ 사출/나바켐(NAVAKEM), 남방CNA(주)/락카스프레이/나바켐_LCP-77(중회색).pdf",3,4,123-86-4,뷰틸 셀로솔브(Butyl cellosolve),아세트산 뷰틸(Butyl acetates),2026-09-18
LCP-77 중회색 N004,msds-118,"pdf/00_ 사출/나바켐(NAVAKEM), 남방CNA(주)/락카스프레이/나바켐_LCP-77(중회색).pdf",3,5,111-76-2,이산화 티타늄(Titanium dioxide),뷰틸 셀로솔브(Butyl cellosolve),2026-09-18
LCP-77 중회색 N004,msds-118,"pdf/00_ 사출/나바켐(NAVAKEM), 남방CNA(주)/락카스프레이/나바켐_LCP-77(중회색).pdf",3,6,13463-67-7,메틸아이소뷰틸케톤(Methyl isobutyl ketone),이산화 티타늄(Titanium dioxide),2026-09-18
LCP-77 중회색 N004,msds-118,"pdf/00_ 사출/나바켐(NAVAKEM), 남방CNA(주)/락카스프레이/나바켐_LCP-77(중회색).pdf",3,7,108-10-1,프로필렌 글리콜 모노메틸 에테르 아세트산,메틸아이소뷰틸케톤(Methyl isobutyl ketone),2026-09-18
LCP-77 중회색 N004,msds-118,"pdf/00_ 사출/나바켐(NAVAKEM), 남방CNA(주)/락카스프레이/나바켐_LCP-77(중회색).pdf",3,11,74-98-6,phthalic anhydride and soya fatty acids,프로판(Propane),2026-09-18
LCP-77 중회색 N004,msds-118,"pdf/00_ 사출/나바켐(NAVAKEM), 남방CNA(주)/락카스프레이/나바켐_LCP-77(중회색).pdf",3,12,115-10-6,니트로셀룰로오스(Nitrocellulose),디메틸에테르(Dimethyl ether),2026-09-18
LCP-77 황색 N200,msds-119,"pdf/00_ 사출/나바켐(NAVAKEM), 남방CNA(주)/락카스프레이/나바켐_LCP-77(황색).pdf",3,3,108-88-3,아세트산 뷰틸(Butyl acetates),톨루엔(Toluene),2026-09-18
LCP-77 황색 N200,msds-119,"pdf/00_ 사출/나바켐(NAVAKEM), 남방CNA(주)/락카스프레이/나바켐_LCP-77(황색).pdf",3,4,67-64-1,뷰틸 셀로솔브(Butyl cellosolve),아세톤(Acetone),2026-09-18
LCP-77 황색 N200,msds-119,"pdf/00_ 사출/나바켐(NAVAKEM), 남방CNA(주)/락카스프레이/나바켐_LCP-77(황색).pdf",3,5,1330-20-7,메틸에틸케톤(Methylethylketone),크실렌(Xylene),2026-09-18
LCP-77 황색 N200,msds-119,"pdf/00_ 사출/나바켐(NAVAKEM), 남방CNA(주)/락카스프레이/나바켐_LCP-77(황색).pdf",3,6,123-86-4,색소 호스타페름 황색 H4G,아세트산 뷰틸(Butyl acetates),2026-09-18
LCP-77 황색 N200,msds-119,"pdf/00_ 사출/나바켐(NAVAKEM), 남방CNA(주)/락카스프레이/나바켐_LCP-77(황색).pdf",3,7,111-76-2,"1,3-디(2,4,6-트리옥소헥사히드로-5-",뷰틸 셀로솔브(Butyl cellosolve),2026-09-18
LCP-77 황색 N200,msds-119,"pdf/00_ 사출/나바켐(NAVAKEM), 남방CNA(주)/락카스프레이/나바켐_LCP-77(황색).pdf",3,9,31837-42-0,메틸아이소뷰틸케톤(Methyl isobutyl ketone),색소 호스타페름 황색 H4G,2026-09-18
LCP-77 황색 N200,msds-119,"pdf/00_ 사출/나바켐(NAVAKEM), 남방CNA(주)/락카스프레이/나바켐_LCP-77(황색).pdf",3,15,74-98-6,니트로셀룰로오스(Nitrocellulose),프로판(Propane),2026-09-18
LCP-77 황색 N200,msds-119,"pdf/00_ 사출/나바켐(NAVAKEM), 남방CNA(주)/락카스프레이/나바켐_LCP-77(황색).pdf",3,16,115-10-6,프로판(Propane),디메틸에테르(Dimethyl ether),2026-09-18
KC-28,msds-pdf-a54a4e462898861a,pdf/00_ 사출/고려용접봉/KC-28. 2021.12.14.pdf,3,1,7439-96-5,번호:,"망간(Manganese) Manganese, elemental / Manganese",2026-09-18
KC-28,msds-pdf-a54a4e462898861a,pdf/00_ 사출/고려용접봉/KC-28. 2021.12.14.pdf,3,2,7440-21-3,번호:,"실리콘 금속(Silicon Metal) Silicon powder / Silicon powder,",2026-09-18
KC-28,msds-pdf-a54a4e462898861a,pdf/00_ 사출/고려용접봉/KC-28. 2021.12.14.pdf,3,3,7440-50-8,번호:,구리(Copper) C.I. 77400 / C.I. Pigment Metal 2 /,2026-09-18
나바켐 적색,msds-pdf-306f4ca012db5ce6,"pdf/00_ 사출/나바켐(NAVAKEM), 남방CNA(주)/락카스프레이/나바켐 - 적색 MSDS.pdf",2,1,108-10-1,,메틸 이소부틸 케톤,2026-09-18
나바켐 적색,msds-pdf-306f4ca012db5ce6,"pdf/00_ 사출/나바켐(NAVAKEM), 남방CNA(주)/락카스프레이/나바켐 - 적색 MSDS.pdf",2,2,108-88-3,,톨루엔,2026-09-18
나바켐 적색,msds-pdf-306f4ca012db5ce6,"pdf/00_ 사출/나바켐(NAVAKEM), 남방CNA(주)/락카스프레이/나바켐 - 적색 MSDS.pdf",2,3,111-76-2,,2-부톡시에탄올,2026-09-18
나바켐 적색,msds-pdf-306f4ca012db5ce6,"pdf/00_ 사출/나바켐(NAVAKEM), 남방CNA(주)/락카스프레이/나바켐 - 적색 MSDS.pdf",2,4,123-86-4,,초산 부틸,2026-09-18
나바켐 적색,msds-pdf-306f4ca012db5ce6,"pdf/00_ 사출/나바켐(NAVAKEM), 남방CNA(주)/락카스프레이/나바켐 - 적색 MSDS.pdf",2,5,1330-20-7,,크실렌,2026-09-18
나바켐 적색,msds-pdf-306f4ca012db5ce6,"pdf/00_ 사출/나바켐(NAVAKEM), 남방CNA(주)/락카스프레이/나바켐 - 적색 MSDS.pdf",3,6,79-20-9,,초산 메틸,2026-09-18
나바켐 적색,msds-pdf-306f4ca012db5ce6,"pdf/00_ 사출/나바켐(NAVAKEM), 남방CNA(주)/락카스프레이/나바켐 - 적색 MSDS.pdf",3,7,108-94-1,,시클로헥사논,2026-09-18
나바켐 적색,msds-pdf-306f4ca012db5ce6,"pdf/00_ 사출/나바켐(NAVAKEM), 남방CNA(주)/락카스프레이/나바켐 - 적색 MSDS.pdf",3,9,122-99-6,"에탄올, 2-페녹시-(ETHAL, 2-PHEXY-);",에틸렌 글리콜 페닐 에테르,2026-09-18
나바켐 황색,msds-pdf-007b2f977ffa1b20,"pdf/00_ 사출/나바켐(NAVAKEM), 남방CNA(주)/락카스프레이/나바켐 - 황색 MSDS.pdf",3,1,67-64-1,,아세톤,2026-09-18
나바켐 황색,msds-pdf-007b2f977ffa1b20,"pdf/00_ 사출/나바켐(NAVAKEM), 남방CNA(주)/락카스프레이/나바켐 - 황색 MSDS.pdf",3,2,79-20-9,,초산 메틸,2026-09-18
나바켐 황색,msds-pdf-007b2f977ffa1b20,"pdf/00_ 사출/나바켐(NAVAKEM), 남방CNA(주)/락카스프레이/나바켐 - 황색 MSDS.pdf",3,3,108-94-1,,시클로헥사논,2026-09-18
나바켐 황색,msds-pdf-007b2f977ffa1b20,"pdf/00_ 사출/나바켐(NAVAKEM), 남방CNA(주)/락카스프레이/나바켐 - 황색 MSDS.pdf",3,5,122-99-6,"에탄올, 2-페녹시-(ETHAL, 2-PHEXY-);",에틸렌 글리콜 페닐 에테르,2026-09-18
나바켐 황색,msds-pdf-007b2f977ffa1b20,"pdf/00_ 사출/나바켐(NAVAKEM), 남방CNA(주)/락카스프레이/나바켐 - 황색 MSDS.pdf",3,11,100-41-4,,에틸벤젠,2026-09-18
UT5800-A-SILVER(XAA)(개선),msds-pdf-6cbf2ae6e822558d,pdf/GGM 상주원/[KCC] SILVER(XAA).pdf,3,6,64-17-5,/ KE-13217,에탄올,2026-09-18
UT5731-SRM(GGM)(FRT),msds-pdf-99c0868aa28d0e46,pdf/GGM 상주원/[KCC] SRM.pdf,4,15,108-10-1,/ KE-24725 미만,4-메틸-2-펜탄온,2026-09-18
UT5731-TKS(GGM),msds-pdf-c30a4a45b677d34e,pdf/GGM 상주원/[KCC] TKS.pdf,3,7,103818-85-5,자료없음 /,"Hexane, 1,6-diisocyanato-, homopolymer, 자료없음",2026-09-18
UT5731-TKS(GGM),msds-pdf-c30a4a45b677d34e,pdf/GGM 상주원/[KCC] TKS.pdf,4,15,108-10-1,/ KE-24725 미만,4-메틸-2-펜탄온,2026-09-18
UT5700-YFB(1K),msds-pdf-9c13bfc18fd404a8,pdf/GGM 상주원/[KCC] YFB.pdf,3,5,64-17-5,/ KE-13217,에탄올,2026-09-18
UT5700-YFB(1K),msds-pdf-9c13bfc18fd404a8,pdf/GGM 상주원/[KCC] YFB.pdf,3,12,111-76-2,/ KE-04134 미만,2-뷰톡시에탄올,2026-09-18
캉가루 구두약 (가정용),msds-pdf-838acfd9993bcf72,pdf/캉가루(구두약)/캉가루구두약_가정용_MSDS-ver04.pdf,1,4,8001-78-3,질 ),"피마자 기름, 수소화된(CASTOR OIL,HYDROGENATED)",2026-09-18
CTS-50 스틸 티그봉,msds-pdf-aff62f45049f6877,pdf/크레토스(cretos)/CTS-50 스틸 티그봉.pdf,2,0,7440-47-3,번호:,"Chromium Chromium metal / Chromium,",2026-09-18
CTS-50 스틸 티그봉,msds-pdf-aff62f45049f6877,pdf/크레토스(cretos)/CTS-50 스틸 티그봉.pdf,2,1,7440-50-8,번호:,Copper,2026-09-18
CTS-50 스틸 티그봉,msds-pdf-aff62f45049f6877,pdf/크레토스(cretos)/CTS-50 스틸 티그봉.pdf,2,2,7440-21-3,번호:,"Silicon Silicon powder / Silicon powder,",2026-09-18
CTS-50 스틸 티그봉,msds-pdf-aff62f45049f6877,pdf/크레토스(cretos)/CTS-50 스틸 티그봉.pdf,2,4,7440-02-0,번호:,Nickel,2026-09-18
CTS-50 스틸 티그봉,msds-pdf-aff62f45049f6877,pdf/크레토스(cretos)/CTS-50 스틸 티그봉.pdf,2,5,7439-98-7,번호:,"Molybdenum Molybdenum metal / Molybdenum,",2026-09-18
CTS-50 스틸 티그봉,msds-pdf-aff62f45049f6877,pdf/크레토스(cretos)/CTS-50 스틸 티그봉.pdf,2,6,7439-96-5,번호:,"Manganese Manganese, elemental / Manganese",2026-09-18
피비원(PB-1),msds-pdf-52d86cde38911013,pdf/파이씨스(파워피엔비)/피비원(PB-1)_MSDS.pdf,1,0,1310-73-2,,Sodium hydroxide,2026-09-18
피비원(PB-1),msds-pdf-52d86cde38911013,pdf/파이씨스(파워피엔비)/피비원(PB-1)_MSDS.pdf,,1,10213-79-3,,Sodium metasilicate pentahydrate,2026-09-18
피비원(PB-1),msds-pdf-52d86cde38911013,pdf/파이씨스(파워피엔비)/피비원(PB-1)_MSDS.pdf,1,2,7732-18-5,,Water,2026-09-18
피비원(PB-1),msds-pdf-52d86cde38911013,pdf/파이씨스(파워피엔비)/피비원(PB-1)_MSDS.pdf,1,3,9002-93-1,,Octoxinol,2026-09-18
피비원(PB-1),msds-pdf-52d86cde38911013,pdf/파이씨스(파워피엔비)/피비원(PB-1)_MSDS.pdf,1,4,112-34-5,,Diethylene Glycol Monobutyl Ether,2026-09-18
